"beliefs";"values";"attitudes";"intentions"
1,01125296882574;-0,675232488499025;-0,542674959975397;-0,443165884919437
2,01292518849217;2,14327964933189;2,45080040308829;1,19392765145184
1,69377410139598;-0,0940245057251695;0,481579360335927;0,564540394881868
-0,325318521392261;1,4693571791662;0,497947931148213;-0,791408686785785
-0,911863615471311;0,854637800796299;0,340125548403095;-0,94493104646102
-0,392607349920604;0,00851842105719831;-0,493981598459428;-1,52774536007464
-1,17613416550315;-0,680444656599593;0,316557821057358;0,0911797247797942
0,157425306040082;-0,469663345938393;-0,222068703315676;-0,641429030076513
0,956252116192979;0,455139722491419;-0,187596286382772;-1,26077432282119
-0,243329538591479;-1,74861846987079;0,221037122301016;-0,885893276549293
-3,39544826967525;-0,92289664746111;-0,0176954765702984;0,210789553922892
-1,16989022963906;-0,503970231930691;-0,881361976193455;0,214974117069858
0,273667374285651;0,821862560454363;-0,439296586209032;0,776750814188919
-0,398089532264212;0,401086891926568;0,0750952834884085;-0,385700496615546
-1,79648003525257;-0,738695064586087;-0,0948824361751014;0,917384681394064
-1,08618472545492;-1,59344581796079;0,0355416448856084;-1,04216792831468
-1,32206267182935;1,34495797038378;0,487218572206392;-0,144462559054139
-0,32883190182976;2,12309840470048;0,115433366178013;-0,817619959650541
-0,193728461486485;0,434201796799492;0,224836079725471;0,703949454416381
0,265464321551205;-0,902098973402246;-1,21038195082105;-0,130218668223711
0,493959594668279;0,390920661505243;0,802293333252082;-0,797138094531394
0,0115945226037092;0,588419570526234;-0,480224281397046;-0,00910825506836507
0,00142852063256961;-0,472435751786904;-0,00864648581087026;0,0109765450206529
0,933724831111123;1,41783694296187;0,342056435459996;0,101777523799662
0,456457863844171;2,11566355297946;0,714258371442929;0,812137126001159
1,43246971743226;-0,363532268238288;-0,36143930831724;-0,616163535126679
-0,373762597338333;-1,21236676063301;0,072439578955121;-0,604258428420287
-0,820433982896299;1,23635427455469;0,00700082753477885;0,717290387912789
1,13614648487493;-0,386829571188192;-0,0439424535991393;0,79427121469525
1,14516374387441;-0,889462626183578;-0,135180407745678;-0,691541574115241
-0,749751805141984;0,989421701803255;-0,584171425747077;0,172493939946813
-0,232511555285275;-0,111218294221211;-0,112905599262541;-0,185214581869586
0,0536597719103584;-1,49099785840625;-0,4487302470568;-1,06174015031657
-0,686877068129738;0,90342103737004;-0,23430914476144;1,10453336272151
-1,27485787189951;0,831781569471516;-0,0556942959576089;-0,0764324033103502
-0,152036298611687;0,140999358747106;0,506032782557639;0,392449584460983
-0,569642976286114;-0,147050366074177;-0,389583990023093;0,797951598662875
0,764109073244801;-1,75054033244994;-1,47489533264603;0,231611915077872
-1,06749270006581;0,520535153611788;-0,669939691667888;0,284374222119933
0,387507508683177;0,174693545406673;-0,191710134098143;0,126182457960281
-2,7851255524194;-0,915504160273495;0,424387963909841;-0,931560336792179
0,211913589023803;0,0748924922519;0,667837904441541;0,414559875190982
-0,577835495227227;-1,72379889384701;-0,449735112453995;-1,50338777699313
-0,190821173682098;1,67487799272797;-0,680267760465685;-0,136581797357416
2,09327242216672;0,798560336415683;0,761447770622903;0,852413501025708
0,345459339242703;0,979743733885413;1,13982324608938;1,97459856248594
-0,668960723335739;-1,40693023790155;-0,118251806635907;-0,238953708759128
0,0440774694093999;1,2518886481426;-0,438707400342512;0,490393506077616
0,577748792841598;-1,33374528363224;-0,555023365119096;0,0778201147609358
2,11478106271777;0,13868327253062;-0,085902848566316;0,95286360227482
-1,35124297218823;0,735117676902768;0,246437014718181;1,60007272152235
0,594766049867706;1,33039917342437;0,470128701980962;0,497950769098045
0,0265029492652073;2,41286247775178;1,32694545536214;-1,31419878862614
0,607730685418664;-0,892132328738753;0,171551451524147;0,61563439956377
0,595953815482145;-1,80254215001083;-0,470958434218907;-0,682055605893785
-0,886733305911951;1,83398040611253;-0,0535445126808007;-0,144374834932903
-2,43444012012654;-1,98354977458308;0,0410154120249222;-0,251352223880728
0,33488676413944;-1,08990402474417;-0,389133572158737;0,0152921806456189
-0,717800732688175;-1,94885559039367;0,045714944258379;-0,324640490571848
-0,441344618663436;-0,107104450516531;0,611972111270239;0,401997425355105
-0,421199228331644;-0,566455336730691;-0,471762412407955;0,444527470711287
-0,396197281291912;-1,53362716159482;0,0938992406701268;0,569192072261679
-1,23263014510626;0,806291678940192;0,467819541508841;0,255478026249225
-0,927950850339771;0,140827430921256;-0,0732070017911019;0,492583241952238
-0,600988903999796;0,414266888252952;-1,1322560180398;-0,165889799754134
0,899344693945375;-0,0425298139428394;0,580177320109503;-0,423388694990034
-0,382608185846235;-0,504961504160595;0,780334460590098;0,276205208553404
-0,601661536647527;0,927253472104796;-0,101941746375553;-0,739756618917721
-0,34826221063868;0,800322621922344;0,556535824322113;-0,63300478721204
0,547969017510388;0,637325144781634;0,230412236759987;-1,33367656810328
1,23817057164024;0,123216617978274;0,515346169327244;0,1370493578811
0,857626068340015;-1,1809046094293;-0,674617443227886;0,639913478735209
-0,280016056519114;-0,435472345387377;-1,06797579980803;-0,525033057597943
0,49350546714762;-0,971810417878651;-1,20820655397252;0,398652118426193
-1,95623922548842;-0,558782967612951;-0,216981075091685;0,960391883623354
0,800804704254652;-0,476918952825072;-0,324939844922536;-0,844908895036153
-0,231500802372041;0,32353684276451;-0,0955497006344502;-0,435791004678044
-0,474336032906575;0,602541790858024;-0,0807973880720121;-0,0236156371395694
-0,119941991710006;-1,18552940085796;-0,8762301034593;-1,61663490645393
-0,368430460131392;0,435735781842624;0,149140315684659;-0,0379242940781748
-0,604199025477837;-0,926898519452441;0,0532948836414699;-0,73647379373407
0,721955095128826;0,587871145671026;1,20263495797105;0,747688815584823
-0,342239776734757;0,550706070421983;0,147747489492625;0,563934767598438
1,300659466156;0,424032333982933;1,34490505951246;-0,766356748923928
-1,2926320031306;1,08718678393118;0,0179504954997817;0,174935199584917
-1,44882183374299;0,00646937740970341;-0,96146439989036;-0,268503124606347
0,244027816424568;-1,9448564937155;-0,374270859292362;-0,993633429659573
-2,13898112169757;0,0274375934047583;-0,0298535916944795;0,371074756514482
-1,28958039439668;-0,137448361800611;0,27326134003867;-0,612818312941429
0,722999832281238;0,621279637028829;0,280542300716323;1,4712093283701
0,383365438545293;0,0390503398404901;0,282012283240025;-0,0580440971478316
1,78383691645628;-0,189597684414052;-0,204967984612381;0,533060029013181
-0,0104852003067015;-0,572925216921241;-0,247055370048794;0,0832032060289247
1,04065854808966;0,931977436360026;1,23780067981613;1,61339958496425
1,3429029642305;-0,909008895758027;-0,445796317809314;0,951075826007259
-1,41601958816073;0,324679681976034;-0,975986631276202;0,175984005671927
2,59605965986222;2,38156210591444;2,41349235685583;1,54086347248469
0,339554677387589;-0,643875312076174;0,64161801255661;0,296943958335368
1,01401946189348;1,67577084904557;1,07314059226012;0,778737258722558
1,67483383066799;1,05251542689692;0,489985843132497;0,474287727507896
-0,284518345015117;0,742820265242511;-0,0369861131995178;-1,59276116116626
-0,97492076751661;2,18925466649283;-0,413667240625505;-0,141689479986084
1,67326467971506;1,15666861868192;1,60360481582423;1,53657255145185
1,48190245319933;-1,39542151875517;-0,671982275270899;0,326802634373039
0,682224761209405;0,817111003826138;0,0276741480823122;-0,0872993108699974
0,15632384736164;0,114927282205476;-0,608859914512136;0,176646318771239
-0,987399475835914;1,03962674371641;-0,953375610365705;-0,304998072405467
0,924682803293678;-0,683426517141225;-0,104880143936498;0,807837392733468
0,153312042469952;1,8242498838849;-0,185483514003453;-0,56258914342438
1,01386521825771;-1,35649782957104;0,718442080064831;-0,412429478859161
-0,268107022662112;-1,35044973974951;-0,631696460176656;-1,09936558823943
-1,69843955847129;0,632508528215642;0,328034531845151;-0,107010222166911
1,72087581160025;0,197199265854365;1,19029704655085;-0,95042594007715
-0,110756750618473;1,50904974860607;-0,403944816694933;1,37807959872072
-0,464268467887091;-1,97637842653641;-0,252478972574845;1,38543154959395
0,39046955273692;1,24960731873514;0,97904628579501;0,938861324623844
0,152427755764795;1,28943449258182;0,117234489134294;0,761632336139912
-0,520283148055651;1,18526984433951;-1,08954320373488;-1,52831890147965
0,0509863282145017;0,435090334659709;0,482769432764567;-0,116780514788606
-1,24661734032623;1,07443163946032;-1,22746586111185;-1,40620476724287
-0,260825072779673;-1,10527041064989;0,0626408367825814;0,1577430981224
-0,473823550919696;0,467358795539785;0,651986656644122;-0,210896404869575
0,249127927663501;1,3364694661352;0,97055929803271;0,101462930037776
0,258712943357959;-1,27227541670021;-0,606301292347988;-0,116863447934537
0,963084712542099;1,88988402557883;1,42169664132093;-0,0773152176564834
-0,355586679538781;-1,23147040605617;0,553982413501804;-1,06766779831449
0,624746865250418;0,0918824346626753;0,169372896380099;-0,420287920168269
-0,167538569657292;0,331646857632096;0,581418688944448;-0,11933348565924
-0,255464734612244;2,41347693013309;0,494645270155621;-0,80195018668614
0,468631624224091;-1,0803816766936;0,513627671944843;0,829334807914336
-0,441486685002287;1,41601730001902;1,16114947822759;-0,540655033602016
0,0465365015416975;0,886160828940237;1,1731775878082;-0,0209723122791113
0,52748577773704;-0,942753133689454;-0,124084600257388;1,18828855642148
-0,942763645275849;-0,49482296483933;-1,04371082498253;-0,509450676616221
0,191086915043026;0,117362712286038;0,290932223118405;0,192861001414291
0,560319192723007;-0,144078575806287;-0,304441956667257;-1,70113319138193
-0,687351774831801;0,476461500060524;-0,37698525117934;-1,05013564111658
0,133149541954659;0,102196167695007;-0,769375815749644;0,510869899059494
1,21780999866609;1,62758143777363;0,981268496646486;0,426208045680687
0,5351288394829;0,32651523981056;0,547117514765044;-0,0659810991098306
-1,30650328717512;1,06109742419502;-1,08977655852129;-0,113225006735143
0,419035183368027;0,257016092241414;-0,643983711488133;-0,591820009208487
0,588367071713048;0,496067641971229;0,494900021472239;0,190766460695889
1,00967790181866;1,55950243538091;1,33913035346102;0,145269117728415
0,862396727304058;2,24539291480423;0,842017573915238;-0,853980608149854
-1,65211147872851;-1,60043709964076;0,356167508397071;-0,402197516866938
-0,283659698535436;-0,0778625969208587;0,154824469547451;0,124464690856564
0,146694167958679;0,952204676690405;0,592405507514891;0,0700414917558545
0,729089830698189;-0,09389477799197;0,263922006926717;1,4866568141044
-0,733468907936101;0,593804375329971;-0,392082003240388;0,184253759713566
-0,934678642126923;-0,517879032153718;-0,599007576768564;-0,966994747397351
0,376760547421804;-0,467282318552579;-0,90360901401215;-1,92977533918599
0,518094952211092;-0,50700354504911;0,108631824557945;0,0265455544971671
0,0982873855105993;1,52030900579053;-0,396294546001372;0,422767096879389
-1,10882317171215;0,830970419479641;-0,309199659005283;-1,62554063548135
-1,12660445319692;0,612109320143584;-0,107071364104181;0,150527704524067
-0,111762289583634;-1,27991403674601;-0,360694850455204;-1,98749981179544
-0,482013243558525;0,756051703753452;-0,310195350608359;-0,26774993006198
0,203458457202366;-1,3983833910241;0,108354741681959;-0,422760856001584
-1,48848307374117;-0,812731680333025;-1,06470652128523;-2,33178674793684
-1,11930165664776;1,59059684154783;0,348698631274687;0,0249353024183645
-0,420165441777984;-0,647221317964607;-0,178116063630279;1,28200559391856
-0,483118200480453;-0,048947386944342;-0,192864424221765;0,777724066070634
0,578790042284667;2,08052929675319;1,63879103171367;0,462564999389047
-0,826044152313168;0,0157206237664675;-0,114485695657712;0,711838276065078
0,975074243667747;-0,879413005300588;-0,159659795929;0,542516804386483
1,31467597520821;0,11856340784852;0,0782356226076167;0,0807805756809253
-1,06397745728526;0,529499815079705;0,02785358131817;-0,55771604654177
0,468990175182412;-0,934523195726056;0,0922843362803604;-0,308788088816649
-0,862799480192417;1,46567779417802;-0,152403768788591;-1,20509948498828
0,543540614963817;0,878603641788844;0,56498497600214;0,169685975595468
0,429449387444949;-0,0913054665840588;0,496546907238471;-0,992874376865051
-0,628596922181303;1,26710876554113;0,856763045254121;0,353529627532249
-0,512471268351672;0,304350274473441;-0,268100643438945;2,12951837173368
-0,094356638336258;-0,241070716368557;-0,880348984520652;0,910052647284297
-0,644053735081942;0,495935710882564;-0,0774397360576937;0,568513377957091
-1,13562307366161;0,0816224736433332;-0,0984961335032384;-1,55184288297828
-1,35832143439669;0,307023585469336;-0,613235160605066;1,27173573085718
-1,03155739730496;-1,33286684265336;-1,385005035898;-1,52690720516449
-0,340094585844847;-0,1802160802639;-1,59016221808459;-2,06609807479683
1,28933372549492;-0,777119746153264;-0,254160030831097;0,0386072112490764
-1,77085638677419;0,401117453432824;0,0375417395753296;0,494736489324187
-0,383532643531016;0,836963124106415;-0,587400059293075;1,23386321344034
0,177717997377135;1,58655069549179;-0,693038788745799;-1,04979263479218
-0,545973235552085;-0,362989784654936;0,0223920294890302;-2,27309061818444
1,06580009227304;0,835333696919274;0,447955285260013;1,12579239902632
0,527413392764131;0,994019626003858;0,378377703614201;0,456544937984642
1,06690842670061;-0,16718354939968;0,176497270508513;-0,142492053899114
-0,741958402352066;1,49052010367266;-0,164857818062834;-0,0946346277635247
0,0431807718495701;-0,73277693488782;-0,488122934329731;0,016074283116177
-0,918332116296593;0,379181607292327;-0,231032364546175;0,00912201308513796
0,854992438892422;0,992289967750688;0,617167730392392;0,787135411993199
-1,56810425909771;0,221911554254839;-1,0924433071198;-0,596047250643667
-0,259730603910909;-0,471934457233059;0,18391019320443;-1,4643453136205
-1,4422585069277;1,01987576762095;-0,485034231325649;0,553005805625256
-0,718768293378615;0,111689584600254;0,320443223923675;0,977835125827403
0,311747644650344;1,014409768666;0,386777207790817;0,901942938987269
0,463690045387991;-0,952581560999621;0,603817402119059;-0,409812163983394
-0,100783598167565;-0,114670746020497;1,32069591427335;-0,254208546919215
-1,03042010554759;0,478555576606292;-0,626290077238456;-0,0684008402362693
-0,541391858749762;-0,801470555968631;-0,0503310423524554;0,809613629339713
0,282663046900312;1,32022090059728;0,218221955382666;2,2940389433202
-1,37443923036457;-1,36637244323934;0,0328787933404724;0,86379066201273
0,754662899603901;0,897665125521646;0,473562861019444;-0,94218452095287
1,07352587927376;-1,293881351524;0,00665521211685605;0,58158375510282
0,361453315715504;1,23487725683081;0,217754482544007;0,471938671579085
-1,28473933436836;1,18066610938943;-0,148385108672763;0,610581257330718
-0,0313263809413287;0,134049221852007;0,610698216888062;0,150904329076836
0,103998608880714;-1,04526682173924;-0,645898680126154;-1,20132303939224
-0,121034398498928;0,129145538259024;0,749648273210342;0,533477165897079
-1,15812904168443;-0,238346281757541;-0,568290754964728;0,638409551499237
0,543380895125855;1,60528850657622;0,693551334633436;0,103370093861323
0,289231095299276;2,48308950080988;0,102977285312486;0,626348435907538
-2,59585788593523;1,14388002354018;-2,212159443869;-0,25145872985674
0,374797252146361;0,0711398193653453;-0,0177607299736802;-0,278393980503116
0,61432618111855;-0,803360627623876;0,784720327998946;0,652066707642783
-0,716974455252227;-0,537634105398616;0,100070626274019;-0,700345583212523
0,147002292396076;-0,639940874175245;0,0302727087306781;-0,682331775937061
-0,12237456554573;-1,63228680821981;0,12643333185381;-1,21424460342079
1,36380493581141;1,14707439935376;0,685937636546601;0,415409846420107
0,525563045528377;0,709406814188065;1,42395945581115;0,624349396826265
1,13375647628072;-0,407981040225102;0,1468819844355;0,308432142730133
-0,199787096598012;0,243032007537066;-0,839316469830438;-1,19909161719981
0,308343796351334;0,805282624369819;0,738751469196833;-0,71861916404881
0,062927372802529;0,394834239165484;0,2208874001734;0,842619234947687
0,986711241855795;0,446828277499396;0,644367214537694;-0,295008041862691
-0,771748077939246;0,245709007245635;-1,05011533495162;0,76428188713127
-1,00801916003517;-0,428485789210327;0,435296008283796;-0,571321707140117
2,22555720989776;-0,483676634788925;-0,562920110954421;-0,0573360143052179
-0,928279714379511;1,07450650317718;0,492941146760651;1,18321974332221
-1,59499274843023;-0,370058696057188;0,813323754309834;0,957207469096689
-0,315868993056612;0,0538833712809748;-0,207251898588772;0,770490598907628
-0,756983866316424;-1,30846647858437;-0,488907739282728;-0,4890373814358
-0,963751401103249;0,737479574157199;0,870579514054503;-0,267831661245394
0,441426252815127;-0,0860915103350564;0,631446902079201;1,26564620245619
-0,411808882147881;-0,396352329332442;-0,0498486376143821;-0,138358844513356
0,0877407593459857;-0,857045364219945;0,537171676903532;0,808640259598966
-0,639428604571065;-2,08409371726385;-0,535313604741793;-0,0923260930553892
-0,908886537329823;1,37725828911089;0,231721629720561;-0,84812020558439
-1,03348448080994;-0,173610837001364;-0,448306546711668;-0,0871462836641199
0,407458735502504;-0,517261797042691;-0,960984745002481;0,132121489047662
-1,26008609057133;-0,406588009197982;-0,384025373827256;0,358061001048273
0,493420733382478;-0,202495779114638;0,195867015016136;-1,18626888344935
-0,0486717898867766;-0,976717071271367;0,208334011779004;-0,844690480841624
0,972946470888293;-0,574815425959638;0,537190465101906;0,332438903982716
0,399149283920413;-1,00268696899764;-0,235613853169454;1,28472584007253
2,01761758512188;1,61492689154974;1,85082956696253;1,14589244174816
1,64178790595207;0,527301794474175;0,19513176570132;1,02501293505602
-0,161104938003748;-1,46301176672276;-0,743694010057091;-0,494370793320929
1,00916227317657;0,291285430412116;0,549813085646164;-0,226054205582417
-0,149532100634069;-1,90756260209914;-0,341311729909404;-0,894876792685027
0,189455513013819;0,0707349588353389;0,617295626917517;0,298087809072818
-1,18903309269836;-1,57021072575718;0,227361549752191;1,35979256138446
0,875814253841178;1,56224009193108;1,17070462095934;0,401120009329565
-0,282196721172003;-0,424583552685419;-0,382515685655288;1,11960899827294
1,40966403147778;2,71050489560076;2,0605701197618;-0,227258794986177
1,19525472603631;1,09806568928984;0,840836199233882;0,542356251262556
0,823463313421318;-0,567821422922728;-0,734931576987447;-0,646970033837479
-1,30002397089293;0,0768999411991589;-0,25477288641835;0,0623088503083175
-0,900907653840528;-1,1254545282973;-0,246626879041066;0,386195198786453
0,929239715649469;-1,72075366838991;-0,725467621356258;1,61804995351987
1,21109227270502;0,523385828519586;0,165635034827552;-0,495828013590083
-1,03514272799563;0,826017997461097;-0,758060588530389;0,816558448319083
0,93230413269113;-1,55620738776073;-0,702915887128735;-0,223885147567427
-0,283196630019655;0,368714966439419;-1,00969939188917;-1,2196532365406
-2,52334634267677;-0,892342049839063;-1,31317690126695;-0,817321865793968
0,416956191853086;1,28129372410268;0,453249369207932;0,647629845573633
-0,989135221831628;-1,04335713996013;0,526087599715158;-0,0481643115293863
-1,26386861894756;-0,459632763022878;-0,531253663096299;-0,266625454992033
1,28235987889922;1,41593115139518;1,13264806910102;0,00304503395166
0,116345315100381;-1,67174631083694;-0,0582764471258436;-0,432066566305355
-0,673231383270382;-1,06435639972118;-0,623336310684866;0,508211508217131
-2,17735039629796;0,396830742936123;-0,367999041397056;-0,0222005816657547
-0,197379533769879;-1,45753816341967;-0,544498125007683;0,885458833247879
0,557235623179512;0,513750183279195;0,23523420020806;-0,394095592146448
-0,743759589928378;0,073333314832522;-0,00723305729335344;0,949256843441507
-1,19085269938283;0,301471707948815;0,0862164387769242;0,634918002652443
0,0143422556452746;-0,355194472882027;-0,125472223855295;-0,852574942494049
-0,919645885199941;-0,925432170285377;-0,390247703540795;-0,314722941851264
-0,491958412166389;-0,82247169755763;0,0942655297962405;-0,82537519954801
-0,567614629918645;0,414250853180855;-0,390416196773277;-0,0796682929229902
-1,88431208396219;-0,718757251110098;0,54583529693954;-0,347188622837862
-0,1330795332862;0,765242139727102;0,559687307563183;0,185872590251129
1,09303082134449;-0,317375569781313;-0,529991308612622;0,108420274218054
-0,803300250250282;-0,75584664302744;0,0749681301540988;0,469540846956656
0,355338758788662;2,43579427412659;0,350536347755662;0,694677774247942
0,852131128113251;0,954176684547854;0,658933188886365;-0,418023816009187
-0,568574591400186;-2,70788713445359;-1,09618706714124;1,18746941468393
0,0638432102485387;-0,991760399888568;-0,269691912260374;-0,395687330715061
-0,34061664243363;-0,0306008680780571;-0,293044973203424;-0,235379136526659
1,56656165942949;0,729606562880213;0,602717597832448;1,20717183850792
-0,0944731177931979;1,01098381756383;1,32690398464298;0,020777669422833
-0,0483428194024675;-0,804766047686639;0,914884596947377;0,36400159428731
-0,543745484480141;1,59014712948733;0,926594654882208;-1,67072014697296
-0,0421303910625854;-1,44121629435728;-1,13279039968747;-0,955511838091742
1,56218963829763;0,278378706815655;0,78278191747445;-0,29745840981095
-2,10384641919888;0,038549442631511;-0,929053490578816;0,210138963201481
-0,135013258415727;0,537721238918004;0,652637374246623;0,682493025146829
-0,231943697923645;-0,177776402345925;0,698866778783412;0,309967162648849
-1,06281571594495;-0,062347041932271;-0,0718752940483751;-0,317294235300047
0,808456738825878;0,719824998173089;0,452604548634967;0,906553149741469
-1,1758519523165;-1,3811970462296;0,275021929490122;0,453435838781497
-0,0067626584362673;-0,204095842272745;-0,457109249981851;-1,27964566616454
0,526639630416177;0,719944490021807;-0,526207170122685;-0,0328764991673226
0,248314837882378;-0,182629163512791;1,22966353237135;-0,229680661530755
0,49515554844726;-0,00726591875751917;-0,0646318029073284;-0,42339441303446
0,813370524619438;-1,20871632834868;-0,464919171418673;-0,352784427763581
-0,914562232556429;0,144193831867904;-0,217336611408052;0,190689198783831
-0,0372454825377165;1,15513379286878;-0,229091585546063;-0,0691042751163647
-0,949559047042313;-1,66168278991683;-0,0878533790474261;0,139474305069092
-1,36471581013428;0,8487406984991;-0,393836224528401;-0,557814510768962
-0,0724632373171558;0,193831945074966;0,847211690769638;-0,381376783971657
0,0632825864986009;0,162056722538503;0,0133742720511172;-0,0192953932790277
-1,2177077962121;0,24061210836396;-0,140129425605929;0,344318317616691
-1,25429432869876;0,768036093431951;-0,0568565543200029;-0,895781068566874
1,19542455677135;-1,56024847320463;-0,285726340578311;-0,67148861420577
0,535811381676352;-0,032031359571467;0,123673504799167;0,312978388499284
0,765083670222623;-0,383626017390298;-0,122857540755384;-0,99024883867564
-0,442687721866862;0,75458787154061;0,244669863224764;-0,251897075133983
0,572881352841112;-1,08112338149911;-1,09412995343692;0,410361096617266
0,56788228977407;-1,88925662069044;-0,337209522810443;-0,59471809958556
0,880971002859778;0,868679460291234;0,239868596123925;-0,321986728086003
0,0231107560436926;-1,51651277694032;-1,12872958749411;0,426086551581479
-1,26564999439304;-0,17554990672856;0,466087870133027;0,70915917904204
0,851812436355873;0,321910137837049;0,0140992550966014;0,0947300127119875
-0,28730536304503;-0,809371228171814;-0,497695096869067;0,361700477884459
-0,219888080742333;-0,196435765294398;0,210368106344873;0,321609989858362
-0,569515570693055;0,981490161252648;-0,509200911238838;1,15273496726746
0,306725789262094;-2,6981324582059;-0,895101507419462;-1,94821506167351
0,480698772788829;1,25215807333718;0,904657036125484;9,4774315295143e-05
-0,695967033773503;-1,79567782946751;-0,0861536751674356;-1,23499672147461
-0,414495192691985;-0,379782218096254;-0,167507257410884;-0,672739565230565
1,25110358426745;0,0992429630991504;0,501193257899076;-0,0799498967169266
0,0387578686342145;-1,78765105793137;-1,32516229704312;-0,811083817423393
2,48411508595624;-1,08092271141356;0,208774488579736;0,21773771039633
0,727987906662943;1,84064517050335;0,862904015241027;0,432152578893355
0,275884584608085;-1,56030505954373;-1,05882541201385;1,39028672162234
-1,35442656684376;0,771878485807283;-0,253201663989218;0,130139092231249
1,35670672972287;-0,189136632807193;-0,471938244747334;-0,305518219299182
0,492267224741295;0,0371353628837261;-1,40320806953528;-0,29285232154953
0,603625740041534;1,29526619026461;0,974851362458372;0,590878706691217
0,435309999060221;-0,970343410123824;-0,930920264969526;-0,648527569992908
-0,746631277234188;0,152257570282348;-0,173561368794237;-0,163532107259946
1,13238742691681;-0,0737489368097166;1,14208995923603;0,441987490275642
-1,20991214222954;0,489244475824534;-1,07241627879326;-0,488923588041555
0,531835801101978;-0,00725879999403425;0,132302380257588;0,0338422416854165
-0,517124581744553;-0,810166385717893;-0,269677080244875;0,188997951066671
0,0357497589832734;0,485989317093394;-0,133759912457429;0,46946095966978
-1,47460200790841;0,586171455886714;-1,54095595575263;0,514748485063298
-0,422192562685031;-0,450717868110827;-0,120212589626844;0,50708223307821
-1,42877616106952;0,699871198053473;-1,18939563696416;-0,339710484835101
-0,501827520025688;0,224570674677491;-0,00833803118366386;0,647936332316357
0,0930652505033256;0,437674782333824;0,372987495023603;1,2600200475661
-2,08197993686942;1,14389006977266;-0,369283076608415;1,10089711896881
-0,643844774452905;0,650261872706699;0,296935218562377;0,941915954168241
-1,22703679240497;0,337461094666072;-1,42547029289225;-0,0111922212204293
0,208963908041552;-1,24933770945124;-0,403167693617134;-0,607330234527376
-0,52767014151897;-0,709275989081798;-0,192238049610527;0,255769862084689
0,611547421008393;-0,484225374694599;-0,0397297928821619;0,0745703826938672
-0,234160680176349;0,116461692878509;-0,998272640473988;-0,640046926500504
1,48897813436781;1,41732453436768;2,30578455154486;0,300652980894881
-1,62657776428283;0,976978944285136;-0,450883599994852;0,0507753932872931
2,11398020508417;1,00277890415198;1,08408264878738;0,39991453332676
0,00251597628076211;0,0987672540217693;0,442028282385878;0,898041748046353
-0,128784645530103;0,0752349416465176;0,546129390731291;-0,931007202661824
-0,374750889180614;-0,110894869243576;-0,848622403671665;-0,667001262211438
-0,369787196324815;-2,47649249969914;-0,0931690085186444;0,374936517207441
-0,751140059014673;0,680059087160347;-0,546983947305367;0,252435979908649
-3,17033552690246;-1,28016998540756;-0,758001406341297;0,473920751209485
0,0308508801816199;1,45267451110283;-0,3476501279587;0,767334412294751
-0,59463889308844;0,458857433971589;0,0233920771810668;-0,310116931556871
-0,918985428427056;0,0515716605891232;-0,0980520899463126;-0,757577622595291
-0,164259903543835;-1,09234307147783;-0,460780377733539;0,190154713814345
-1,33183215057481;0,408573508314045;-0,110071862962431;0,177635294023661
-0,764047471420255;-0,886743813835983;-0,500100938300208;0,157803692769768
-1,24327185955392;0,335566365688528;-0,494664399903808;0,502635728024946
1,89779889300768;0,990106200117799;1,68539158825811;0,189174529181812
0,238192869297934;0,559653885609456;0,386585905739335;2,01272780418962
0,815298752070371;1,17800429084232;0,0775769988663211;0,728118582626855
1,01908025904583;-0,633050474704687;-0,225354857640691;0,738210547153507
-0,869442646881814;-0,326024148259646;-1,01233897359891;-1,3874757790854
-0,0604524515267708;1,52736328137934;-0,474752635773543;-0,0820027624972628
0,493830679826582;0,288283911003119;-0,114789928075217;-0,140108584166307
1,96623884135653;-1,02010791859658;-0,240878075045088;-2,047789805812
-0,359128998271168;-1,37249349945014;-0,746852295627629;-0,712087581799087
1,38894086434346;0,0319714276487686;1,02215922340786;-1,32792180721797
-1,50424578910742;0,814474887477254;-0,0777704085218748;0,620324867399783
1,70130745078376;-0,0722405842560052;0,0257266551935062;-0,920636615646242
-0,390146585057637;-0,325788058116293;0,404329108231254;0,549626518167233
-0,874328409000308;-0,221283962954612;-0,433861126797288;-1,55539606718509
0,0938081943245458;-0,265601404190394;-0,168219684967828;0,262168174833091
-0,77376697510973;-1,70501665678772;-0,0254103131278758;-1,55017267899573
0,696636846142215;0,911479853071533;0,846667712800488;-0,181896465520365
0,170718830770665;-1,77283076479435;-0,583781339782432;-0,56720219716077
-0,492850730218741;0,389809764660949;0,0162699947280909;0,753742054982021
0,705086791056767;-0,699492517082297;0,00399157757478491;-1,42765775252527
0,195965550784881;0,096343814465253;0,0989760743820115;0,322544879696211
-0,044138046407982;1,21874187548242;0,558116773338524;0,778675144822073
-0,273174234811104;0,88445990275101;-0,52801671878207;0,232683384851781
0,421248502682518;0,279736037887497;-0,115710562331576;0,0896416810771383
-2,16459030435177;-0,481195260150582;-0,265159633646142;1,54925143403586
-0,465946990976024;1,49308764259329;0,105303761950465;0,164928516878427
-0,784477540906909;-1,16389625578262;-0,281281274361941;-0,331743081364416
0,857851300840815;1,81778322636994;1,44270888023189;0,658622813020648
0,539929727456172;0,663510671087271;1,05900949764538;0,24914866954987
-0,613903552073921;-0,0491762782147361;-0,120354193065977;-0,0115548634296175
-0,393197297108506;-0,18103161686157;-0,177242770121156;-0,130463316337104
0,633209925853677;1,02795535270207;0,944916907567332;-0,858470809042889
1,51921036739282;0,417863258323464;1,17936801503301;0,621899242884688
-0,335227391593896;0,851167711784713;0,389080942127954;-0,436160328683461
-1,29863778410646;0,061692620872035;-1,00713197352984;-1,24923137964747
0,630626627517279;-1,72628319096974;-1,04499158139185;-0,0964785218863644
0,262080757860332;-0,995277007196146;-0,481264480478477;-0,597128025924121
-0,314180858376373;0,403199058615962;-0,399998233668898;-1,49247722100165
-0,604407972651273;-0,166280373499671;-1,32677977231559;-0,0537861824027059
1,47749976208557;-0,387386803626164;0,0186686108038504;0,334553433888488
-0,590306856118843;-0,370815463445326;0,44717093766316;-0,184141092784294
-1,02038637722953;-0,170762952309417;-0,723674976078126;1,50756221498307
-0,999009141798527;-1,50764965469655;-0,363474590705746;-0,625677337127113
1,04832569901007;-0,593960315413088;-0,421281804903464;-1,58399807640067
-0,190795128131627;2,59186719173664;0,256930949465094;-0,895608400059278
-1,3060425100863;-0,360713921490087;-1,10651308140576;0,0720539821846957
0,333758999673657;2,20322953965646;0,469390051614449;-0,221776518316517
-0,638806813404977;0,512701815085272;-0,075469945413031;-0,836774425354945
-0,815387035209579;0,360540409213018;-0,264621377419055;0,00331887280147103
0,0951240384124822;-0,504323527002056;0,663548704873635;-0,238822428370914
1,86064195186641;0,24424394164136;-0,055854682678224;0,182644302147964
1,72790695178038;1,6700063260722;2,85001329285978;0,709055758884593
-0,151887441111815;0,706569311367635;0,45865988554749;-0,499019635404121
0,874270433627875;0,204758815445273;0,436954058519941;-0,12687462191551
2,31537443752769;0,51702691784652;1,79344488214295;1,0880126223188
0,105642469047596;0,591209248377915;-0,442418155516136;-0,743447761520744
-0,380178764876454;0,376732238102292;0,108681420344584;-0,256701499821929
1,19553475155074;-0,196512825578222;-1,28573738477846;0,496203557296336
0,806727758136511;1,4345228764924;1,79148707878994;-0,438124300073011
-1,40088917584955;1,89145317131713;-0,82650860653388;-1,09349654457844
1,0671633739072;0,474768700729091;0,521839650409568;0,314036721564648
-0,25656801345592;-0,405636044187884;-0,211296569369116;0,0337202728931363
-1,23151595511937;0,247201031509252;0,376114642994806;0,769325768484361
0,53675195280149;0,217734376305019;1,09787717320737;0,752389722177735
-1,04901676526997;-1,27011004916576;-0,264819153520237;0,110422968344283
-0,148899920595796;-0,564132209353977;0,300294637887148;0,396629386441599
1,4273245572143;-0,747257076728357;0,637658029447582;0,463476138649602
0,0858115462653298;1,14266653220958;-0,61639791401702;-0,501934762966493
0,465818202464833;0,482777935052125;0,501124335571235;0,168404615707944
2,20295019938234;1,85789802991302;1,35339041803404;1,61859081287589
0,789783082603875;-1,08692061323357;-0,0220542640420691;1,38827651897412
-0,3247373695851;-1,21646759599196;-0,989228489032941;-1,00445234070101
-0,347853085367848;0,143193364184761;-0,409667208111742;0,20731813188942
0,321489686752093;1,11046259614468;-0,656058931721361;-0,549690895603191
0,196270795130399;-0,354218131943285;-0,945278239834761;-0,742310241469651
1,04932408962084;1,286235730817;0,972358158072893;0,184156457048953
-0,302230080941769;-0,233991364529336;0,709746431954308;0,548879003820346
-1,49050213991795;-0,737727580966596;-1,27194923734544;-0,193534190018239
-0,618411623277724;0,641928398534955;-0,0899896062841725;0,187981820223685
0,398707820883201;-0,678946145456215;0,468675515189909;1,0097232155789
-0,603155205766383;-1,0436533376496;-0,376647110555458;0,386848762203587
-0,363699345298528;-0,0936731632685574;0,174966615361148;-0,203165960347507
0,666127031477274;-1,01500410411012;0,148312045456318;0,840396496322757
-1,23944195624862;0,105717096704116;-0,276113077435968;-0,265106432456408
0,164604518292377;-1,1948886146983;-0,915640516292896;-0,74604515551846
-1,37200277852771;-1,81774311187516;-1,45446737600706;-1,6101829404359
-1,10334237656289;-0,252429920836463;-0,468333352727781;-1,41291731334414
-0,838223495758162;0,297483254337359;0,499989690075309;-0,944211800219591
-0,480623263025393;0,537512460057099;-0,341153117487757;0,594318911370295
-0,17872728469567;0,910408748891378;0,428341149197842;-0,827458519217992
0,916823571230681;-0,702073570990376;-0,269851440429029;-0,509620228013745
-0,762302258921198;-0,336493312358609;0,0737149770787076;0,861443764457392
-0,987538839459278;2,03227021774533;-0,959752083815139;1,31955579798118
-0,579275858547421;0,482243665223414;-0,567923819734346;0,150867657747727
-0,940227805079988;-0,912283377476013;-0,765568005236941;0,440458413002558
-0,976780860187139;-1,84922097576086;-1,27881544329968;-1,92401707971793
-0,382157551419895;-0,745332781039362;-0,314012978138074;-0,620305667066936
1,75510274221017;0,271326319625272;0,427660926279754;-0,728429490378161
-0,608428565747781;0,535556163921663;0,438475902167833;-0,0700332632584659
-0,036003276702082;0,231088347011641;0,276641861507368;-1,61378397261941
-0,459070185550561;0,345890171373502;0,107287365978664;0,960476943429029
-0,575862116706365;-0,389001162960184;0,616875520066305;0,882448592390266
0,13251650141543;-1,10564353714198;-0,347044808815494;0,215448694544928
-1,06360518122692;1,13980949639318;1,01047153088836;-0,464518683223414
0,0698992882787437;-1,68441027353861;0,41371064284531;0,742416747228239
1,38425282644662;0,753939884332319;0,839721730733733;-0,513603061560945
-1,35357218593549;-0,71799468663992;-0,854408698681173;0,430945714954272
-0,543101784103191;0,492217610386361;-0,206355231527518;1,15725228741754
-1,04286740299169;-0,926371997897456;-0,0511598000691093;0,968010551512926
-0,500667738877992;1,25238151336959;0,314144654421162;1,92131849324473
1,22362883736332;0,168488695859454;0,389186810236752;0,721315958327933
-0,914302848463958;-0,716577223877093;-0,103729967148128;0,343422223350206
-1,55522863231525;0,99702864825454;-1,19214938299056;-1,40179694519412
-1,0354423235146;-0,240680132641071;0,201529529280425;-0,788246610300018
-2,58600784160573;-0,355365030249434;-0,496616660154324;-0,13677481632073
1,02061662362715;1,44641654428599;0,461455992633036;-0,777703659903213
-1,64337960290409;1,60614740572629;-0,523633634714458;0,171547655119094
0,921735689535797;0,0739742514535589;0,032262102140288;0,289375879354304
0,108990223589681;0,059360029988808;0,146686072401669;0,143316067588359
-0,301694741091643;1,37100988833425;-0,58826578926768;0,329998804628529
0,163599640794606;0,15448045208048;-0,0458265168762094;-0,218040301479961
1,17264339359788;0,372476797036339;0,288763027414523;0,270056954371852
0,267839096254907;-1,21591225226171;0,534991044005894;-0,186267552739327
1,43335711494967;1,16057840076549;2,20471771400939;0,529873034936456
-0,529594851019845;1,1676163533008;-0,680106376487977;0,58605303625225
0,0828242332312793;-0,435055406102637;-1,09608856822342;0,381599117495896
0,924690596552863;0,948647877911866;-0,164877864899323;-0,528096294318597
1,51036787545563;-0,630647088651551;-0,58592415139774;0,374218740852607
0,589689858349461;1,18562428057523;-0,0336285135600389;-0,35518465814819
1,99803357023639;-0,100475559860934;-0,0911156670001761;0,0208535904675917
0,0442268092945004;0,443831548536302;0,0560654219673207;-0,755449184797608
-1,31147354466389;-0,234536988150739;0,567911057739785;-0,662817306689624
-0,590371584378008;0,284263517597885;0,252539497247533;-0,385975913485312
-0,86255539292118;1,438064098229;-0,110746867631645;0,148434830489638
-0,187383480439183;1,58473445576867;-0,492977471663817;-0,719241484412573
0,158003796636487;-0,48476445318812;-0,579205802246753;-0,79724636180069
-0,990972265493785;0,739962154775005;-0,698557359191826;1,21989582013051
1,23671289089671;-0,164534555093108;0,588766531665223;0,294887049829905
-0,375966053284878;-0,761180430791832;-0,152587967755235;-0,0967706560541913
-3,08075678603438;0,176373151435326;-1,3007409288013;-0,250141708684276
-1,29303514250309;-0,901133977528457;-0,130883862754586;-0,466646144309061
-0,56676572864154;1,04381747286832;0,145018599522076;-1,47236523068379
-0,416139415482805;0,964363891313248;0,189224692667288;-1,38679091572069
-0,982586904220397;-0,671634376036995;0,266314860180035;0,844147830643144
-0,428418677490118;0,11285066249014;-0,739537410253585;0,627628793275715
-1,35660742949718;0,498634981542639;-0,0892197457433085;-0,168458008020347
-1,07575610223225;-0,428009350984054;0,172146867080658;-0,464801617407466
-0,4743499384834;0,670613275886255;-0,515926833304777;-0,0540768373450629
2,01714001263288;1,82163818255201;1,94088640770961;-0,155963961058926
-0,929004994390893;-0,580605392739364;-0,100218075478071;-1,44399765180714
0,0485087544190156;-1,20698627147832;0,113518417911065;0,472995541752761
1,53906439180277;-1,51516536078692;-0,684188985014254;-0,304365172205678
-0,562417862190777;-1,38810684017743;0,678405070410379;-0,559885740693325
0,511319691040103;-1,73454848156818;0,131135795792845;-0,727851118407622
0,990860887334933;-0,58837690979393;-0,519963320695482;-1,06171910421719
0,162178105218338;0,0695080135885493;-0,374947000543731;-0,35972689876173
1,75021794335144;-0,624803900139304;0,259088432984891;-1,20342833761546
0,486663442824804;1,04890730335628;0,441680500907638;-1,52587297494327
0,536949797853775;-0,79891991017814;-0,228884771281811;0,187565582361434
-0,0702248274884051;0,483611903217764;-0,669172094801935;-0,0538696911513844
-0,931718566752142;2,09210208185081;-0,877744261585051;0,0322926960723699
0,199740379911617;-1,67949067594521;-1,10711880318751;-0,597744942767292
-0,460116968807011;0,00882267587924099;-0,16013643077632;0,246168312142322
0,410479073007943;1,77460032914076;0,454453809633191;-1,21260195444046
-0,429356381043616;-0,441313162339701;-0,146344129112906;-0,477947423799049
-1,37573594675186;0,30415942256076;-0,402905733119464;0,0756236539169347
0,394208765580538;0,438686406693845;0,397239192342232;-0,0258873275907844
0,730933732550563;-0,54005632460912;-0,458020731015833;1,05670326807974
0,312337276487532;-0,754603535867254;-0,400276678801128;-0,250612898004444
-0,245016333957324;0,745804926044412;-0,719278236517841;-0,454597747525791
0,812285914787762;-1,67826056794666;-0,478093704585526;0,462898790003168
-0,876305904237885;0,137645358307737;0,609328059156903;0,417919998821438
1,95641860428343;1,30970426303392;2,18907973483966;1,54499838055389
-0,60262403725131;-1,30676290139619;-0,116197247799881;-0,141314372469902
1,67642710703347;0,741220951185905;0,184164296838217;-1,18327875682413
1,49630829652189;-1,44225500812247;-0,52761175485618;0,00999537522076455
-0,763216820167905;-0,747220294718701;-0,835285253354132;0,589536569484898
-0,338731988818609;0,384312281188388;-0,551332355058531;0,278249150625456
-0,244670409328534;1,46481675920968;0,44459273444458;-0,463546166111618
-0,320818765870402;0,324523255313971;-0,520333301811847;-0,352321041460831
1,53474647137092;-0,132666458553122;-1,27202078471925;-0,143986475161228
-0,79490604704326;0,282222447157132;-0,0235366840801403;0,74401210736149
1,03972476845484;0,91308714203894;-0,313772400002802;-1,25329260835117
-0,143003717487985;0,928642301989685;0,691045017797056;1,42869590963786
0,691021802036186;-0,937196799953689;0,310959651963625;-0,235985604196817
0,646586542372803;0,379114191505157;-0,152303453299544;-0,621349109419124
-0,196270161260838;-0,648568099852646;-0,386636710661657;-0,445885031051093
-0,240849798299581;0,831890256730605;-0,233042886814229;-0,339309905195963
-0,515904804694043;-0,786943953306501;-0,478883433014571;-0,124670485937141
-1,45585125748357;-0,833887885851945;-0,469411035138358;0,600613365988846
-1,20979136078655;0,565901543545655;-0,893036424717182;-1,03081870886278
0,183066654162979;0,0164195080954063;0,393097078066775;0,353139598502925
-0,1312515491523;1,30527938030644;-0,221450528545066;-0,416238002644081
0,917534729782608;-1,1827785978871;-0,790800642469854;0,13732705429066
-0,222983109513459;1,30285529907487;-0,457179490571873;0,973608421322969
-0,768233994910862;-1,12850338820352;-0,182505023844597;-1,20234269526893
-0,540041591298908;-0,286210320840761;-0,542684583429253;0,0368320639240726
-0,0534868233605536;0,0746248213245963;0,0616435298506535;-0,435267879072748
0,447084834012339;1,55605973820395;0,678280159609307;-0,431053330738542
0,485539902940168;0,553347309318933;1,37327380389218;0,078130775580287
-0,78045862906844;-0,0871548353945654;-0,58922516261608;-1,06527528346874
0,0945419395730324;1,5990888171503;0,729165208678913;0,286074210341167
-1,39029571837331;0,345568413916768;-0,51684352897602;0,294002769757234
0,468650659296331;2,5092696426166;0,268459704363696;-0,649643084713948
-0,680303112159703;-0,351158636337586;-0,0927798148831263;-1,75766615144981
0,852528160295051;-0,785170284605538;0,358993181742487;1,04693331294164
1,51810103348097;0,438576720243169;1,09128596830908;-0,947638826384493
-0,125891424751214;-0,0918056914106411;-0,0670056609868369;-1,89778448079337
-2,42474832518733;-1,2565031083493;-0,119307600685321;0,0837017933294195
0,37879571068313;-1,14206391742404;0,289455956733766;-0,979149765794053
-0,850920384859148;2,3718883534137;0,493643066207764;-0,238604033330366
-0,611776846154419;-0,0901588903148197;0,255364099059504;-1,02838757736544
0,180060221250579;-0,809386975087225;0,790202880409544;1,24273302415755
1,59108232816628;-1,75447071630923;-1,67780653512669;-0,633981173429712
1,51090609863542;-1,23297823396038;-0,277804943760423;-0,106265868875253
0,161948688235146;-0,756666283461713;-0,305982853464143;-0,461564447057881
1,81032872812167;-0,914594302534601;-0,070363266534013;-0,419012143576442
0,71369269551054;0,0545163906332528;0,0840225082339306;0,102716030561977
-1,41293405514011;-0,480434735789696;0,457057767794641;-0,68486761043017
1,0990647859555;-0,0162274801280066;-0,27630237494804;-0,236933136727642
-0,587574832485965;0,546904562376295;-0,318895274468867;-0,559092817073317
-1,03648290125519;-0,23589497741301;-0,605839460982224;0,650920897108035
0,328042838924621;-0,288517081168583;-0,305219410809289;0,0790869267496171
0,150573892781724;0,587126221817582;0,697623780088355;0,353522701965893
-0,867947800311182;-0,491108629046629;-0,132136719534537;0,225093360911204
-0,166442505064442;0,62601041226948;0,257563571782692;0,59419168826023
-2,07784028469907;1,15083835940501;0,0681693207799341;-0,624290034240021
-0,214576279323598;0,127200075346558;0,418167956670262;0,61114372399958
1,06897145319334;-1,33422197522113;-0,167367053308844;-1,25643720243161
0,846151334375375;-0,537817836159356;-0,858930532649343;-0,408102119177983
-1,3057718943169;0,658953458868809;-0,688283662386646;0,567643284588893
-0,130596571611288;-0,309994856276401;-0,321325254588597;-0,354914473544231
-0,586506311161533;-0,179886550523272;0,0873628551847261;0,312200855231084
-1,35410176754576;2,67373722584671;-0,972101550460761;-0,120198588830125
1,34001118987;-2,22410915322665;-0,22273571400838;-1,79715950608031
0,0177952298037763;0,624957645910258;0,30429092744199;0,17194506383829
0,765170491717892;-0,0476621021269645;-0,745818118349498;-0,539931953651304
-0,605042317710247;-0,841224445753815;-0,363804998033523;-0,591129163454023
-1,7616298649086;2,21176976226024;-0,618451144929512;-1,00357517264164
-0,196532103099077;-0,0862133494291929;0,513948460248869;0,955212058673903
-0,609330283631073;-0,450455281862727;-1,25317252671696;-1,38517578571301
-0,0920682406816182;1,03245699280762;0,175092792270219;-0,415494441730681
0,850714294425;0,355625536747419;0,233757509845682;0,168950543354343
0,190565834968351;-0,681953911689358;-0,619600792952513;-0,408958476543767
-0,876635207630513;-0,409510363220404;-0,334154387510109;0,941035784047047
0,33803527986629;-0,959600321394102;0,0112487547186587;0,770986686632713
-1,15532201464326;-0,282910265404553;-0,199098198912141;0,846455874895969
0,184657418736133;-0,620359170829338;0,438067050377951;1,45945507442471
-0,0425453963888706;0,454327532846696;-0,0272080781746716;-0,102045083384669
0,872388619925401;-1,39232877515409;-0,546221424541946;0,144449981916233
1,68379132213029;-0,104256389827673;0,611219800628574;0,921127456121883
0,90500738361679;0,348137194159309;-0,0129242109047215;1,56324542789302
-0,302024295733911;0,732372297651151;-0,281090773104938;0,515252507089361
-2,93670222759911;-1,06585591969436;0,6548698479314;0,0193379436749529
-1,14743605704354;-0,838450395933897;0,124186206904217;-0,307321657284126
-1,22436261472339;0,5967159612497;-0,889846133703543;-0,358751310493476
-0,759811624828594;-0,130737185969837;0,136212994788299;0,763274219103502
-0,0310923822272384;0,184121731072126;-0,76259845354238;-0,0953342815723619
-0,310687594993571;-1,04306471867194;-0,656578711035519;-0,497725380472344
-0,798356545331384;-0,907576770113502;0,24000150176853;0,509210128646186
-0,744730762843849;-0,493836235952797;-1,55077334388327;-0,461360544752741
-0,369601474154964;-0,0994233792240731;-0,25524183838699;0,184135767743555
0,540671124444865;0,259244000669714;-0,444272247479217;-0,471060980560657
-0,315796754677288;-0,641954880309215;0,114321777211683;0,509599123619876
-1,16030971630744;0,0533582575673223;0,479854480847855;-0,314699577293512
-0,212378656452362;-0,80997154374422;-0,0356449872303747;0,446308449662429
-0,518924874545909;-0,507286344733348;0,287076538894855;0,192438794159901
-1,34222059870186;0,159657501065688;-0,853359460535341;-1,54398907031824
1,20116117578777;-0,262268339759014;-0,666286587683234;-0,0548367327946986
0,701674057918837;0,336405053084107;0,63774871087591;-0,0747321028091063
1,19087645492718;1,40062421987037;1,30094021383481;0,619872224121447
-0,932242706053069;0,290065501762182;-0,0838751070869787;-0,490834217084909
-0,998094001477767;0,260625865341084;0,962020581249412;0,203799556664355
1,07398283410113;0,250566173242847;0,256123672815785;-0,96448076351163
0,226764418674388;-0,134302588402573;0,255884438399688;-1,64733773252564
2,44973143670887;1,00461628599668;2,52223345966034;-1,1972154943678
0,966314887304417;0,746713157714709;0,391623419180725;-0,322398963473862
0,911709282745447;0,213512376473016;-0,466056469035885;-0,414211439888024
1,61498176440362;0,163882768787866;-0,129881511969416;-0,172185029343688
0,896281649603606;-0,437004253000609;-0,116385138494703;0,658360465236701
-0,11446005622165;-0,0715129679896227;0,0537859286866982;-0,00046336486744524
0,731531752226322;-0,507121756304159;0,151742521900419;-1,22501527773282
-0,256116918828893;-0,0583247211438438;-0,725882294229127;0,509790743986328
-0,1586146256044;0,103679600724825;-0,0868926713503108;-1,19857271086832
-1,09540141946834;0,434559364151313;-0,194096022723205;0,0331779067435829
-2,17843506677079;0,375291814308607;-1,31091898141061;0,774025232128536
-0,81514182871428;-0,623446547357734;-0,0618674427148097;0,999904159018201
-1,31487123631147;0,927080416394504;-0,750834207475142;0,828645489517141
0,48329311563544;-0,649600121875251;-0,294804240475762;1,26274833595207
2,3387097511431;1,6676148611702;1,58156347397117;0,508568115341795
-0,934575365602357;0,326701149529949;0,309465017341375;-0,235792671633934
-0,587073077785535;0,421739479814364;-0,591292559296294;-0,380392581149197
0,289848532154298;-1,0244932486796;-0,450397398554709;0,297003991539258
-0,0796123026153442;-0,630100359223702;-0,879136621961034;0,276536660041848
-1,19400869435833;-0,26383366217895;0,0337586273432213;-0,340181268985116
-0,817695289281025;0,456647687634718;-0,659218412910813;-1,56005635195926
1,3167335503936;-0,843900746389271;0,437002053056191;0,901781939630401
1,06916635785592;-0,717539279502423;0,261207494089779;-1,2734327691382
0,586213092657131;-2,20633879837141;-1,62350216458668;0,651796116732955
-0,0729463163531944;-0,985254121931252;-0,101145053155468;0,799797621735721
1,74956337038693;0,51081341810074;1,28720562029365;0,838581330500031
0,561581691068094;1,12877124388638;0,37117818087424;-0,738700654228771
-0,131815390638045;-0,566172998635632;-0,083766691312065;-0,174486447354562
-0,324746481537292;1,36188954341022;0,288926842072277;-0,496405094998214
-0,75631856487776;-0,291801762234331;-0,346295489092517;-0,00889956665037955
0,492599868500052;0,533444886214456;0,356812697991952;-0,231946345955381
0,872036517887321;-2,09004644558095;-0,734595831236958;-1,16952690229419
0,779844117162379;0,153654138302606;0,232497737077744;-1,83556382801351
-0,4641925864086;-1,20838293750843;-0,381341918242999;0,0018198164584128
0,570867680065044;-0,963817461519153;-0,749383845547464;-0,142372715375873
0,982794893736925;-0,00855543591445539;1,22699217782254;0,334924029542568
-0,639761315141894;0,0511731321358553;0,103684916908654;0,0550400764202672
-0,213395897048479;0,179307365656477;-0,611121007650088;0,0329941192490301
1,24922637173383;-0,0388976217680219;-0,46589845309354;0,5449763929894
0,184120876700876;-0,434190514228149;-0,399150583156826;-0,523411336242673
-0,0860355582027856;-0,434701465019337;-0,554320275272941;0,984067875012247
1,14847120979669;-0,2558259480204;-0,247785267631181;-1,06508363555283
-0,581283222899281;-0,652211531937469;-1,00385895614165;-0,17732771095931
-2,56735815783512;-1,3215404178827;0,303188538622018;0,426672135311188
-1,42996651711835;-1,36485329949976;-0,339014540621643;-1,46767636628662
0,535520561753376;-0,704190753688737;-0,644150598257835;-0,411677002214239
0,167048541595758;1,12937364974982;0,414547380332618;1,17767696003345
0,379090469395602;-0,723048508466068;0,0333625232322367;0,766002646487223
0,518525214505063;-2,61721672045504;-0,445395936990062;-0,567608077604195
0,981756006341112;-1,35110124829439;0,118215153837789;-1,37662569494893
-0,0298297459103944;-0,565507065163194;-0,79287911572179;-1,89294573226267
0,56076296548261;-0,368684061353517;0,8390610494081;-0,398279277585057
-0,0326114227298271;-0,702412298438088;0,147702530145333;-0,698510345578613
-0,845056171916219;-0,470742968359725;-0,380963490515003;-1,8213067323201
1,14212234501167;-1,31113677716805;-0,20861079514614;0,836318879614242
0,468377903949823;-2,36152204600404;-0,604610624642651;-0,590223741635398
-1,16485578638811;-0,0315414062356152;-1,37903097568209;-0,145606517261491
0,0468296021721021;0,93991186188524;-1,30297586406746;-1,06354897544677
0,0237994870169136;0,579736124582364;0,859858208563751;-0,562385158446015
-0,0606640517644994;0,0938575515427223;0,687427547546663;0,970452423878403
-0,7733073090194;0,0620770416230407;0,54098763388853;0,404160508769771
1,77898254845142;1,22270672842872;0,806283463470697;0,17407316597427
0,998485515947116;0,0736409338149278;0,207880597964414;0,0555537785236069
0,922504624802803;0,823187506458602;0,742501074463825;-0,253104104549008
-0,329960575375168;1,0186544375615;0,766299625843567;-1,13477991518503
-1,16654401079342;1,03605455541061;-0,0510201605012693;0,850757762565118
-0,432882127452471;0,261573694007214;-1,01372414480753;0,780260450045306
-0,51071201226548;0,287452594594437;-0,392136488878273;-0,493224596565338
-0,620689943264545;1,04134097076401;-0,0941437827807372;0,317572629924367
0,0162057084581033;1,21958050086092;0,411437264587945;0,27230956516965
0,228426103800282;-0,766414885289871;-0,411892871654301;-1,0998847174226
-0,950363304788635;0,573691554710943;-0,106576001342823;-0,835496689903477
-0,878820432161872;0,37342657780951;0,518475659457736;0,873300312656342
1,10260800698082;-1,43187958381419;-1,72426010907235;0,203286935646766
2,26430947529123;-0,807929814721813;0,358749699840612;-0,359419008238897
-0,330900679073098;0,000520334796754604;-1,1180106358486;0,61220492139398
1,57180764239079;-0,236253172971686;-0,295316940174351;-0,656678033536059
-0,29662553821537;0,523678554081305;0,250062216461817;-0,361653789645039
-0,418281371993581;1,42512109216664;-0,317084275357942;-0,265681558227501
-1,14703881490483;1,28736633521749;0,278057503915021;-0,208926470694643
1,56660688503576;0,485613700318055;0,183960753298877;0,421629223733945
-0,756064869840563;-1,06774813688428;0,120182831618735;0,80545933693775
-0,218326116010015;0,504774521438992;0,119762302103513;-1,05868013923283
2,01788844890178;-0,78798424415138;0,924842595953636;0,00051428602340356
-0,194282294709038;1,24747442291856;-0,130387616616928;-0,671000469008927
1,40418434015364;-1,17396060658483;0,00769873889725875;0,843700879741371
-1,48030496081677;-1,20711178453322;-0,462276672016227;1,09797104468521
-0,708700315020564;0,201159571746449;-0,26738608088041;0,0798643024326044
-0,754580193760522;-0,145936776044943;-1,26509450965857;0,611918964641637
1,23744341339907;0,542408028232328;0,427733627469696;0,959900197591394
0,669297495882185;-0,337058685781541;-0,18388625098771;1,03927224749348
-0,365862443081218;0,592120839134823;0,321372695273196;-0,430357819178821
-0,0085491594898909;-0,825178354006673;-0,709884100023144;-0,693430687023871
0,758951063103973;0,538180372095674;0,0134394740679954;1,05851564002901
0,548567306166569;-0,77270248318397;0,0877640667428484;-0,395801609484169
2,69212107451155;-0,121481258845085;1,25160984179881;0,504900431290209
1,33819492749605;0,369632471478539;0,64118855636608;0,149823728137916
-0,590701001261782;0,236087466185196;-0,919139483546578;0,293716378184809
-0,0854396685634377;1,56991173704655;-0,22569996228142;0,340124836989198
2,71189027562788;-1,48045387471891;-0,732067266570348;0,0388186469266314
1,81058850972746;-0,509750039456233;-0,452595861369289;0,0407422796705622
1,07646412791876;-0,5604960169666;-0,0537234388240322;-0,113914929637625
-1,14103286058951;-0,582661036463715;0,168133102747885;0,707442779617512
-0,896393069992269;-0,0195195112302848;-0,782997260899418;-0,0911682580863155
-0,735447182830577;-1,49596065281108;0,0124188145431856;1,39932546109662
-1,93911387092974;-0,480282659855961;-0,530825453773352;-0,0486383053730949
-0,542658891132306;0,209174353267915;-0,732280053823191;-0,660749709843518
0,233480555105695;-0,231248780247197;0,559537003410671;0,263314480866217
0,327875353451842;0,861302514779527;-0,596741025237609;-0,27817180591883
0,582222648406621;-0,861598133588098;0,471931255565067;-1,63941064892193
0,814601826433239;-1,30150610474239;-0,627406069606193;-0,119769474241231
0,445549553303134;-1,0154710851608;-0,165507961901823;-0,227450168094141
-2,11605234462488;0,389353206604469;-0,847567827790824;-0,875528290486381
0,193210309865933;-0,168287804263115;-0,929916571108797;-2,20147202453475
-1,18449047395015;-1,01428872196268;-0,67836530871895;-0,207530162760634
1,46411413906461;-0,0948214503563847;-0,135133708861332;-0,712793910940488
0,36646653662122;1,54317998955749;0,10642216196635;-0,874234590075862
-0,665729978305126;1,26527663635441;1,08219555985963;0,347573405448853
0,952749065523491;0,339377508645169;-0,278243434577305;0,786668464820666
-0,679599828325869;-0,773991221842975;0,423244389172051;1,43658838242217
1,89205313956182;-0,872516565253016;-0,030318895554987;0,999927107732216
0,559624625336787;-0,65065538773185;-0,668112798682081;0,616403399753078
-1,36190234789763;-0,0480378105861154;0,010397082683494;0,0570174762312666
1,10268870446351;0,372879122679565;0,289646474624493;0,188236070375026
1,78070209003291;-1,15347866784613;0,00267110333895437;-0,613858473865643
0,580770941264928;1,07612774164185;0,699181878420991;-0,503226096223666
-0,875109195247996;-0,835042110467777;-0,594144349726512;-0,0984720918060394
-0,507098749558537;0,733196554048137;-0,224465443836624;-0,867965205627612
-0,0103127040623242;-0,459453708521497;-0,4606048807102;0,525864592473646
0,0364861999448181;-1,04707229929025;0,432754692370702;-0,288654384964241
0,317004139692371;0,315479825545007;0,686200068161797;0,861585375586661
-0,8884558669266;1,85051147159961;0,101301729001502;0,299693686269747
0,853440608861311;-1,47662618002237;-0,524753892164739;-0,950274205497763
-1,1389782241423;-1,11914214986014;-0,277263834479491;0,0953800391172377
0,269067597792298;0,0352799106219591;-0,63354619855059;0,457155167575806
-0,502795771986217;-0,983655610077944;-0,480197647482796;2,24496358518659
-0,802825058566663;1,06281634310539;-0,352229426206163;-0,711225753079522
0,445904443189433;-0,181824199594106;-0,289594600900551;-1,101558549505
-0,314875469814866;0,0626152481483204;-0,23764760851275;0,284767216800683
-0,627873796369547;0,788395572105606;0,0255836808026647;0,363147424181022
0,413914151999313;-0,850879707827962;-0,452376774844989;-1,46626536738475
-0,811410298167976;0,457605518744346;0,0531966149631073;-0,0971573529043466
1,01042967115757;1,06068935745039;0,721932835125729;-0,0987748778882934
-1,48733161444046;0,472465107675236;-0,875379965530606;1,01428414464095
1,50637371144274;-0,747232076479487;-0,206574451391036;-0,203133152507502
0,953993063922619;0,301525329416699;0,72500830675189;0,839404521710869
1,79228452407315;-1,8361817094156;-0,902714426675106;-0,414246125352196
-0,54083911339099;-0,417412667708391;-0,633020867980595;0,979733650381075
-0,836881537998879;-0,0807416748608629;-0,603877851042442;-0,756530744665046
-0,801819114276445;0,287948722527973;-0,250326929993483;1,70757616214295
-1,48059010407095;-1,66206266348906;-0,349549225990749;0,735055389595994
1,41409095191205;0,729110249536038;0,571096976533082;0,685589228664038
-0,400011004945424;1,12631021306016;-0,125580418082462;0,664105641008635
0,639666595800249;-0,306458047718577;0,49598462422658;0,294339006096207
0,473174677662612;1,2859039088602;0,221363059223153;0,511338607016218
0,339009649454452;-0,702064837802012;-0,246623955714828;-1,10601052068877
0,411830675644878;-0,111335846006881;-0,222474924790651;-0,182401869387424
-0,559244658325808;-1,15270296689826;0,182795008528521;0,812724634269538
-0,477824500683081;-1,01839574292521;0,194136308427068;1,03857501672316
0,0125995734817914;1,61376737832919;-0,566121822863943;-1,36089019758126
-0,313222979610535;-0,474282538421189;-0,14683471841169;0,109612791639052
-0,0774520388020733;0,753981434628757;-0,304209967306179;-0,324523894808434
1,46763748072715;1,80891815056593;1,87442786412399;-0,505533472187006
0,687813447220719;0,803140604727907;0,42453122076172;-0,0917471192849576
-0,153288978702751;0,78121622100863;0,877902097393802;-0,403177479329816
0,463482460740649;-0,940577053096133;0,0750233431161002;0,0243417521157423
0,66725364796774;1,16578778019351;-0,111727742090175;0,927256572941958
-1,02222160128185;-0,834685572749951;0,0372892529800694;0,167661444091247
1,77426947881517;0,252526278908254;0,516554517680981;-0,495782632159466
1,28818330644366;-1,25408633381678;-0,405929027337286;0,513834559855963
1,26710970011493;-0,349594784466326;-0,159902546623446;0,458706317496164
0,335374737107899;0,551148304445868;-0,215402487227646;-0,21390490086722
1,81293174102373;0,449847275246947;1,11503939490918;0,630822661654635
-0,968964162620169;0,278887550954333;-0,00601897189284434;-0,0885732751301749
0,427153887058795;-0,234497375454455;-0,565173460682896;0,896353624474298
0,107736544506044;-1,06841028826612;0,507736657976863;0,76067555076727
-0,0278775794048819;0,764092877231033;-0,484326791273895;0,606144811289862
-0,871003642884461;-1,27765873765967;0,129398971334273;-0,475926401030823
0,368706519476671;-1,57366859731644;-0,561132328827329;-0,532706640352561
0,240882291208804;-0,38301524288081;0,190910005163082;-0,900829942175403
-0,50223222167135;-1,66837786210605;-0,637636216875565;-1,47325129629855
0,292099937349529;1,04237491059154;0,957085622759085;-0,110836531502209
-1,01837257621644;1,2210390240666;0,339746775088764;0,912718521845482
-1,16535650763552;-0,249556370117982;-0,348283465641012;-1,13474405058375
0,495643008295231;0,0759546896371052;-0,00401363070907834;0,432971906729892
-0,584171572008634;-2,18017283936658;-0,106713388316913;-1,19155280794648
-1,71723357544633;0,487493069273426;-0,800211349967966;-0,927239707371949
1,18732358459307;-0,393234614915356;0,191004504080664;-1,0120792846805
-0,523547075546996;-2,18398352846249;-0,25907122359122;0,0290422876286833
-1,0949906093729;-2,30556034281265;0,195134898523657;0,448910932784533
1,45401922022315;0,170393469365589;0,538092576837026;1,05660597981229
1,17771493577332;1,77230862166746;0,866149472592501;1,01966749264782
1,48217033076441;0,168775282164711;0,468128219745384;-1,29959772137268
0,0411337528930717;1,8062195994084;-0,0897766300420565;-0,65334589046181
1,56112658866825;-0,074116452059847;0,583392165016;0,930899501809123
1,47797243880671;-1,22340235566532;-0,344381922237392;-0,605749837849128
1,9708020644209;-2,03020338228182;-0,332632270447189;-0,597437627091902
0,780987329947746;0,0250510438912487;0,392676582679838;0,411813490976464
-0,29845587857253;1,21652201878618;-0,39201829699856;0,667888034119211
0,745154615449484;0,398025855193136;0,17084364159859;-0,135361124057586
0,911560474034715;-1,58521564144904;-1,42640434927173;-0,377516971607073
1,57460617786764;-0,199318647380287;-0,887213717106502;0,441489355127465
-1,49946814467527;-1,45311336531712;-0,112247330810657;0,399419448542681
-0,539305366563843;0,888793411679035;-0,265791671812277;-0,363138406393812
-0,814936972354667;-0,586407718415499;0,50561183188067;-0,17158659625175
-0,772595681843648;0,549419950235196;-0,857887152688262;0,511835195034024
-0,657788745853801;-0,61735982493158;0,0248255119116084;-1,37223293784434
0,308552674475617;-0,348302862015208;0,0204492565355556;0,674851722152544
-0,564448193915993;0,379477021499155;-0,369788682425093;0,021572477902947
-0,826935420605915;-0,989316534591773;-0,365436668790381;-0,0414775090741872
-1,94786333788819;1,10496952103549;-0,89214928498453;-0,0936327464355975
-1,75608255293696;-0,294464796887903;0,609896114860878;0,487038418538197
1,38390514182924;-0,396474104668821;0,705162112910928;-0,0163711477883633
0,797313163475937;-0,00922710338976127;0,298333860247945;0,478871390610166
-1,19400440921365;-0,242072351909225;-0,085176442665188;0,307182072490124
1,45610440989255;-0,954429645687046;-0,276925853040164;1,46621081764101
-1,62883550809349;-0,798180487226066;-0,0293884462274253;0,683579098500823
-0,648673887243766;1,71792751464397;-0,111924011667002;-0,469477980178041
0,478469204158855;0,385903409514574;0,558476723341436;1,22428430037363
-1,53873664440276;0,624077142044137;-1,25984421555878;-0,996286323406077
-0,842114275361771;-0,162491201779355;-0,911031600821822;-0,644849720577993
-0,48790423979087;0,683442995375834;-0,745226060060903;-0,566287333119222
0,540641150588877;-0,741214319863314;-0,498435520430414;-1,22157030437037
-0,38910565804906;-0,0101834678088777;-0,643886939492768;0,385449402039146
-0,179955455911864;0,0176230603646425;-0,0391121630858535;0,00698217665833991
-1,08195132415722;0,714239368230564;0,0806770578575857;-0,535747890890981
0,2747179335611;-1,4347645817445;-0,272724210358948;-0,28522058766435
-0,159021268220965;0,185276988665659;0,356417119664106;-1,02161294951905
-1,74996041754537;-2,04401454994538;-0,621562003905279;0,142461594531486
-0,10038923993368;-1,09464477735146;0,521856848501719;0,0107855085494289
2,06310400716566;-0,191373681912147;0,498986907801652;1,49210657300516
-0,0848894177641328;-1,11998607225864;-1,7245774210572;1,21395187707914
-0,321101314896216;-0,0926691437178029;0,51585419839355;-0,812959651567857
-1,26890590554673;1,06768662909474;-0,468464954020742;1,24703162469101
0,534312190870264;-0,617543002078287;-0,327997086737313;-0,197039437469777
0,306905387857834;-0,245861803183912;-0,287159561492519;0,798233788886575
-0,0752487740102659;-1,88802784886462;-0,681025504633439;0,420237993546551
-1,08978737612569;-0,609470787317898;-0,882315998820634;-0,413354387618124
-1,00423709361363;-0,381279201959756;-0,408683450541169;-0,608518470400579
0,982645102027003;0,24176112314504;0,096742385144036;0,5010821719838
0,0789059373770832;-1,29521642108051;0,123799854458316;-0,0790363467702204
1,47565478380121;1,50451908339817;1,03762402990773;-0,239537998686763
-1,95454323250975;0,651491937753657;-0,317430453829342;2,08599999806872
-0,196541092537437;-1,98988170587406;-0,147559165382357;-0,743794935739892
1,56731092911139;1,22743994725609;1,13642618571492;0,557843263609978
-0,689304633721354;0,522426508022839;-0,156700987438484;-0,0694078656758758
-0,497705599952358;-0,204715147206055;-0,0881614751166204;-0,14790894622499
0,808468437929392;-0,721641689328147;-0,00688674905340589;-0,445483414917004
-0,28587809224471;0,252022856337697;0,977974238213668;0,196784077022057
1,58327493864601;1,21922473576465;0,424945216273932;-0,877961542591627
0,32318617756119;-1,58696424294292;-0,120770861207562;1,19283704016068
0,427602567860547;-1,32846128610437;-0,686077331144518;0,0911924873777624
1,85247140453408;-0,485606943477752;0,513670370963522;0,738067517686085
-0,086053410434543;-0,405072125633736;0,0120866679628175;-0,414687559761791
0,7701510882523;-0,795965209075392;-0,0245376923193261;-0,571261747715997
-0,150000712773173;-0,205484917279091;-1,19352015744719;0,118862924790202
-0,044575505089228;1,06996400049197;-0,0621489668967894;-1,8425226734159
1,20727114854387;-0,637250454245843;-0,349320208875289;0,446510471410396
0,314298148142266;-0,572403432193039;-0,429604208254725;-1,41588565994275
0,667071523988907;0,0219361313435972;-0,4694484198655;-0,299965684182089
-1,39258649025536;0,957071887563;-0,0609171364662884;-0,276030081839007
0,580137744533491;-1,87588861297514;-0,541231712681977;0,758465194094957
1,03770185149023;-0,265552666476631;1,16134410020888;-0,119581062927473
0,188640669428885;-2,09824972883319;0,763076360309495;0,206880742330616
0,0672653749888062;0,329541922696182;0,15182758593983;0,86475540157502
0,440807394622703;-0,877759015657192;-0,653677062672767;-0,165999258575337
-0,213758985284467;1,16581575299212;1,07858066068425;1,31122939939215
2,80571585255125;1,98903040337115;2,36764719102154;1,97181983255924
1,56205017045356;-1,57558228995687;-0,931423288960311;-0,532546565536936
-0,31568175872842;-0,724620481638345;-0,544101324539733;0,339323253376573
1,12743538817636;0,317149597416204;0,31842332880254;1,42373069104833
-0,214496997780938;-0,656363649151144;-0,0468754161430965;-1,77143987037356
0,685901434598254;1,19266140581413;1,25732843446177;0,884766224030324
-1,00506534523594;-1,60966176227284;0,0170451648468374;-0,494692113483491
-1,93814564248799;0,32335082938858;-1,41723260858193;-1,06966436179627
0,966062144177112;-0,424660089121352;0,257952151614218;-0,896251374637103
-1,01632545039749;0,344915364817963;-0,0895408486871209;0,251215200110115
-1,5083594683496;0,888018338323407;-0,417857064178655;-0,868936290222665
-1,4617510546319;-0,24904616308267;-0,559065827842388;0,406263703458894
-1,27958463874132;1,14442372843194;0,386575507033295;0,287181799689165
-0,00550463419956317;0,262570865017456;-0,422619427263472;-0,779483409893625
-1,02882008539789;0,450517709232157;-0,567981929789019;-0,715845629764775
2,6792862032694;-0,0168241531294409;1,61844253144575;0,264289839950236
0,340345211912016;-2,13402461619074;-0,468789627516075;-0,27852142221594
-0,0183880070745907;-0,597961457899028;-0,36883491641961;0,0206686082428939
1,02983210201261;1,48122796899488;1,25663467639364;-0,73486651339991
0,527740828053531;0,482766654246094;0,365953773056551;-0,832631235414521
-2,23851762290384;-0,135585638372037;-0,885200746482988;-0,229967746366406
-0,185962913192034;1,40945844393245;1,40069709263229;-0,201933703992462
-1,39342392167247;-0,159834267180266;-0,804950595832791;-1,21219283429836
-0,221248184450513;-1,28218135468968;-0,0823446370992705;-0,431171361243838
-0,194912470621888;1,59763486219632;0,436739216351364;1,52066055644631
1,47213216406396;1,13131681477459;0,85774714075146;-0,109496725421417
-1,20956508919073;0,580754620092534;-0,0109411754728363;0,763651235191806
1,37569219837308;1,1496702484882;0,223372333624728;0,134611120372831
0,306023989943302;-1,23113083214395;-0,101099892136903;1,16409193856526
-0,234816214526422;0,102305199899326;0,334332849762832;0,462011623567181
-2,88781214439547;-0,451296667660454;-1,02657402233572;-1,45267934736729
1,49014892018304;-0,192899512161758;0,426231658111941;-0,422827680687791
0,101887808788272;-0,64808639892825;-0,689623715564979;-0,17031626403644
0,193011713831084;0,923608619580943;-0,0308683025455603;-0,0273159399078146
-1,28251267278631;-0,35474899085059;-0,311934404631478;0,761134736877954
0,932151152509941;-0,474412804755486;0,545095300538857;-0,0703624774972235
0,474913024495239;0,521091946713914;0,458955111477089;-0,532772941381389
-1,37572534804369;0,320499831201957;0,319063527893952;-0,197265331251422
1,34197969854364;-0,67580785598734;0,182469775627441;-1,30933342683161
0,468376996023076;-0,394055781443755;0,880527719419006;0,333906737849507
-1,22875084696854;-1,95509680125053;0,410176328869261;0,753458631765892
-0,465899925623055;-0,408793837584287;0,169582661210917;0,573845409813185
0,728804948395916;-0,53589509749424;0,178113457844374;0,609760984448208
-0,454018040000821;1,7543162158783;0,170496430382998;-0,0705333943331895
1,18681220976113;-1,56936186092306;-0,301572528998398;1,08209836164507
-0,319477251109647;-0,276333065528023;-0,579762034530686;0,685843005050559
1,12118577572562;0,36395903570153;0,92286937396096;0,635707558457329
0,466038008373579;-1,91773761475615;-1,11422490032344;-0,864488556855174
-0,80367242366309;-0,675949539153967;-0,590929466694906;0,46356715432411
-1,23938728856433;1,38644018995337;-0,885579717568993;0,190522486242219
0,561496567305149;-1,48871352552063;0,140209543190765;1,46807379709602
0,77208251260228;0,339144982229048;-0,235381132310032;-0,292279744068506
-0,403816273278939;-0,775652877059762;-0,985622510298591;-0,304426363032213
-0,173661999345661;0,0680416771556658;-0,215738310287484;-0,484828621631549
-0,0631929633034733;1,92255051896693;-0,778588880500368;-0,391674867695309
-0,432552633130211;-0,289620850693366;0,523022760438322;0,232991785045555
-1,36549543409642;0,428566169922604;-1,19697284989948;-0,593368653876422
0,513858813917242;1,73716217184605;1,49770508304708;0,67636895357475
-1,93539626790657;-1,83322275023993;0,712420587441522;-0,302356831006753
1,80289488481002;-0,906464897717084;1,07516830094826;0,727091267108072
0,221179138228535;-1,35719172385267;0,0911345893230873;0,445928431804312
0,696642878668262;-1,13608080247451;-0,72772132568859;0,708575919569238
-1,44547983452348;-0,34323356090504;-0,772837666976882;-0,249157554169864
0,653479774510025;-1,02654037521258;0,0372773322022469;1,01925835692443
-1,22257662254984;0,0716729620230323;-0,777745762647915;-0,232040380955129
-1,27303176517386;0,656857428899827;-0,579944092417471;0,170136767997269
0,14750861432032;-0,0743079743664303;-0,905747788624699;0,0406642712663796
0,478443050949375;-0,53679136018834;0,424192862146952;0,885342080190619
0,318390200699239;-0,685582378093133;-0,0285759195970914;-0,781838594504586
1,15352596353729;0,0893102011532055;0,627470485970386;1,57134198315458
-0,521400420547158;-0,0996804319535185;-0,356599854334211;-0,658430304797798
-0,184560554478993;2,09188265604921;0,769194585223637;-0,780690615286628
-0,825475571661286;-0,616523030467721;-0,245683384445758;-0,354003204643379
-0,402565883456393;1,21350462471324;0,262673747805416;0,611192125256853
1,13519611714985;-1,67298195038877;-1,33462206583158;-0,563616439562151
-0,598475846875471;-0,48306406672125;-0,954341440739795;-0,54663036162288
0,442114463520038;-1,67228974280014;-0,805589954128093;0,522459420886666
0,886677811124947;0,879008856264687;0,653910339298401;0,894770353929616
1,15124819059993;1,34485142223171;1,39435918270168;1,01750293223726
-1,3270139197112;-2,13695976725733;0,176968406914076;0,740954589465622
-1,92375074718058;-0,215701035636608;-0,1786156027143;0,261991035546851
1,33955517830047;0,905294605628863;1,41642888202253;-1,01177755793854
